id,sequence
0,"3wl+v>?}A~_G<tqGoST{Gt""2X,x[-9@D"
1,@*Hj%Bp^AuHu({e%a3KsF8sLa~em6MSO
2,U5=d6YFFw>3Vk(&c]x?B|q{+DL)Snk!7
3,"n.1JG*YB@Q(TqcH|,S!Q""y(7ScQkTia["
4,]#ke1Sb{9{1kC}2dIIiQz/'HbQty9bLK
5,"@P?<_k.f?fX#qr)ODorx-Z:u^#,RVHRz"
6,"\""6K384tg125BH$mJQQl+:LIB67/V0Av"
7,%YN(qgsVK~(>7*UQP6z+mm>dT_1y+p[J
8,`(.K]P;P.As7@)ggKpVX)fV6)8;2UX7`
9,"9^""tt""3UG]3j>kiF#1fKf&a+x2p~ec,f"
10,/3eXWMJIYpm5>z0lCky&8+6xfFu=|]Gw
11,i0&A|D];.\qvQ^z|Y=O@0hk-*rB9)$Nj
12,"AV,XYgP\;aWBN&N5LuP&V9\2Y^dRe3z#"
13,y%72w/N%|`B)yD+^9O5nzZDwn4b{{+b0
14,"S2=_!;r3-K[iJ],'2?WUae@rST,0u[@r"
15,"lGRd}V$llH6.Vo+KF@=jF""(8Ic#R-.s0"
16,"Pv'\w%h\ELo4y|>gVx.Df""x#Keu""U)$z"
17,ZMpza@w!;i?Hc%EKTxleTyy346jp]]wV
18,4L?zs<qtZji?iAP+\+oP09Jg{e9_G$m-
19,"850C/]%UWO@*sH9^6O_1b-\~xM6oq"";("
20,^v^Y-t*')SUQ3?fLxqbz&PDl=#S|)_&C
21,m&@Wcm4aV0']<no/)X%l)GrNca)n&ZtY
22,"PZc~<Scf)oN.Wm^K5,rOlU:$b>=kt|m`"
23,"BS%kwQ,L)u[5SGEG{1%h(\cijZ7C.U.9"
24,h;+4]]SWV;<0GMX42nPAJD~%o:})aIY[
25,(NJ0i}PjuK`|l'3}'p'(N|odx!sR(>z|
26,"FdS""B|>P2yzd,4|y)x#-Ye%isojNua[K"
27,sEG\Qy6D_MaY[Wn2P_Ggy8V8OIwSb123
28,",9JXfRa&OnxoZM%mgLvZdz%7Lui$X_{>"
29,"uOz,qXxKzJ@ZK;'nsRs\CjOF;_|Gn6jq"
30,"&cuK>d]JDu~8~f;Y]WAKWX\1[!7z~a3"""
31,"<lI10tu1rrr5:tgFS~Yh0A*eh""~PdFBZ"
32,G'L/lZJ1&!\8@puZN`%lSlD0SU{k\i*J
33,t?g$ov>4.qD5Zc4!gM4Sl6oazjT_$35$
34,L492X[%GRSs<cUn6JK%L:L)ju/Sku5GW
35,N$B9FZvt4h*KG~XSK+3!X/~o)Ewru0G4
36,aGZ\u`[LaqL&`K||bTN9|c(gt<{x_X3+
37,"UApR5M&<|=*X`J&\G$M@_\U3J;isN{""S"
38,VAH#XJY&}tqh.n3DeQiRlUp4A/-R=S5P
39,"UK3`%.""FlCVnE0kXEH=5S*)Sgp9G;NND"
40,"fRZm1dK;aKV%\,\q-+H\Lf]""~YOkH|:B"
41,EO]UG$D'|AH_NJ}U1v)qs'XKe>cC/4#~
42,",>\g/owsSGc6OQ.Uw|`%(vTR58\zzF*Z"
43,""")blWCcV4(t`8t[6E-:aoh&lcZcL[ra{"
44,"NJua+qz.E,8+0C^!Uf>{SMJNdj@1;xbc"
45,"vM'[#Lsd;u@fR,I0(>.t5)|vxC+T!@^F"
46,dD)3OdAL-HY%gzk{/a%z;!sR<qOxRH@{
47,"M'6""*Yx/L~Y=9qd>HEozN6]?(.P+;L""g"
48,"Dyd,w+082pwJ<ab#,cH-JKRO7p+50K8A"
49,Qght_ulde2~B}h3n1$Y$y@{^+la;!B+3
50,"9kPO8jm=Po$#""moBELHdw@,[>p|I&>?U"
51,"""g(RT-d$ZH(zT]'M@G834gAd20KRMeEZ"
52,"u-J=07Fc""91NJ@txwo^(NXb6+'`K=6d]"
53,"fEM-uCQZ`UVg.z[o+c~~I5<3""CpzS0LX"
54,"(J}oXg/{ZbK6:Eau,fP0JK8$HvQq^PhY"
55,(Uf?O$Ahc3IvO2E3YL~&Mu?'(Ndv+iZ/
56,"W'O&PN(35^&Te""2F>0L>NZ^yx1J6tRxX"
57,"5ioV_R?$v,IszAw_Cj6OpYfy%e!~`XO%"
58,n$K'>FQVy&a|6xDG;?tE5yt<jiwI;aOC
59,"""""""];&k}i%[Fq'kp3w%]%XJk-C?Q,""PP"
60,0U8\46ht{.|Y}m>[lc\^Z2zycW5w@]4{
61,">&QK+Ilh&x=c3gi""X3^\YaOWwpq3`bBw"
62,UNTG#b*zT)P\3K5&R_Gmi6=Da;k<<Ty=
63,"Y48A#:aP@x""UT""S&67t|Z;if3'e#(Wjc"
64,"[""i1Uj2'*ujMA"")a@a7IVzwD5)<Nll(n"
65,Riuo+@&C[EO@BvaYVj#~;8-5+\33<Yhd
66,"kGT1~^CX=XWA&&#""=2b6mA|Pt=tvnxb{"
67,"6Aw""C]hkeRaPdL?93Q!bye]8]1lKYkqR"
68,Khbg~pG?-YrYK+nVRlGA2UJbkc35|^r_
69,~rNNp+?W57vsMWfYa[K+b@^\gQnco$~`
70,"ow!@\{zj&eC1hr_,k0!R'@?FeR""8_I2C"
71,10A7${BY--%.[/s&xQ~:Up:Q?Hqqsyxx
72,K3p`7Ly21dPcEuk%_:hBi)r;liqTyxoa
73,V'|H@c6E?NQpRjg}%Lcc]HO7r\h`f)X0
74,"Pi]>,:NreMG3Gczq[HzO#CEfTzH3*[`;"
75,"T)4,FxyusShm'\jW,)x@`ck=GQ%DQ&BA"
76,"(fMVqZlnZ'36,-@V]2mmCQjBP3btX'(h"
77,"auza'q""*zTS9:`A`PVivipXF9itJ!rZR"
78,"?Hmq656D{A,j4MV)ASB')Qzv-MC0x6z2"
79,"m52./)J:+;I9m@Mpnj<{E!,n.+Uh`$):"
80,"pN|eP~|rOrr""x6sk2|\X@o|c/kg#F6D9"
81,"6FB~),Xd41`vOpQ~W'j6b^HRQ8t)oRp!"
82,"}ALY~%%Mdu4V;07B[^j""ZYlq.w,J7""Lq"
83,kemX&ztDKoR{=qVBalX-x~2)j(!hsfg<
84,5~}FyXg\UJOJ@R=Hs48'\U3X[9rBu9KY
85,"UG`-K[?>v.o#g,G3^@!'lwE~<WxU^L&C"
86,"s?^mN7()aY{Y0<K,dV(DrxjulYyFie\+"
87,wzOj\'s<^cJGonsk!-v<7yV]o4eA;\gw
88,"l?|(2,X11d`~L18""jHGeyP;G,ovBHrY*"
89,)WoscEvT=i]V^`<-Z1'b(YDsgfo}lW!!
90,"zQ;SD24:1sT+4R)DIG\Tif0""2^M3eJ""}"
91,=v#o~w6tVor\rHs}gc66T9~>4n-Ei3jO
92,D%_nEox>EKcuN{fd}$2>.9u}w2WbPfOb
93,(%>FihJt?4bBnButrXR]G@#_-U/hm#9'
94,<Q5p[o1aS'<ti0>@'5?{b<i9r|oPMj_b
95,",O]]02oJr<M6isGu3kdd(+N~j]tL{m}J"
96,"OB|@A`DE()@.)2h1\_""vpynd76iF6Fh~"
97,V%wXN>fAh?c}5vjnF8G3xA@laAXI#!*Z
98,"kDvP-P*&0~5$>Z3S"".]qb3Lq&0+<K2cE"
99,a6`{xW1>2kBM8~%$YBErWsz@vAok-=Vx
100,"AK$L)).S*R.~5P,Gv$t'p\uWD76zZLnc"
101,e/bt5kN1d3eJYZ/2CX&3|b]n;@UsT!L?
102,"'}O$XNxPJr""q6-pMyK81]03s7Dv@*71;"
103,(vva1%S'H~hP2wRvV6`5i?#;(kM7)~)6
104,tFZu:?vK9Po}P\!I>Vlcjc0J5nz6q%jn
105,"m-WIi+[<8=l'KW$|d<'p,ZxX^eT@wET+"
106,<hnej.y6pCny[/*Q0VJ.y]*VJzkzHZH4
107,*|4oVq/#Mtk/-XQxz]p^Rok+L\[z{E%F
108,wQr'4>Rg(<!=z*%pIa4h:U+?fje86[;%
109,"r""xnJ4{zyU=enYRDR*G~q(jXtnk.|VjY"
110,"JN3@HMR?mltjbN?C]J""MHZ^zyiBxv}sI"
111,".#4Zr~pZY2b!,9qv<C!PokQP@tmU""E$k"
112,%hce4n?(;UV.:Py[70Xu@y54@iwJlR=t
113,CrO}sEVV)GVO)LSXyLw9|e{SiLgd/%tI
114,6Y#bjl5@M1lZ)b6Jg|J3#mVjheuV#mdb
115,u$CM/b$>1?8%<L4]E`8T56]Y=X[f|XX`
116,"BVgt^:L]$=1Ty[%Q^,l]4{:%[fr_O|zH"
117,lv(-(UX;?Ld:s+_<M8au(o+0{=ku-TWn
118,ZUNxcUNvo1d<8V.k-j*&HjY_[~`(rh_T
119,JefCaHiA8WcU{2P|_CxH-JS4Nqn_O@Dv
120,"|0\D=a>eQ"">^f5-,N,](rbPc%>VlB5!`"
121,"f]j:OENkA:\7uV|ijvce;6zVWp;7,!EM"
122,*fSgBt\|C!)L?d6I;u()VqubF\j$[l#_
123,)H|\]5{=s#;v{BQ[';im#3fSwPYk|-05
124,"PS6GA$IbP.vEZ>bv+T(~S3`8s""c;y`BJ"
125,"JPR?@J)lU)%(>Vn""yw[l+(a%{fY?K^,S"
126,"uIje[1O4]hrZE>n:I.!mR\M3,]*\QSA&"
127,ThKMG}nwJy|1b=tC{eCPHL'd(Wc@o=O=
128,`p>b=DT0A(%6i|%#N3b@uT&k|&1$TxWV
129,e#HGLrXf=nLIWX_cA)X}]S4]OdO~O1l8
130,"%?|]{W<;TK)Q_4JY&BKS^wxa1""W0)V|t"
131,"~]8rt!kfV[&/Bs`sfN}xl?Ogl+x""a|>"""
132,#]p~c:lJ[4KNsnJi[3EY@X8UC[(K)gYt
133,"\6M2Urq{^GJZ)j,:Je0Cl,zEmFogu=WF"
134,[Q)zP%4x+cn-wNC:sol[h'SSC=uV%as0
135,;o0y:Y;1}'w1_;bIqfJdhrgoyb)yGF6f
136,or;}}{i}U'b;MNBcF.Sc8@=#o\G%kiiD
137,"'t4d#1M8*E86@W""q1XK0QX8k]fG#S`0b"
138,5?%ZuPT<C5}qlX'oeZ*^$Qtm1;(:$/Yl
139,"LG/E{a06Ig2.,_Xs\Nf%Y?Xx!ihRATk3"
140,"f},\QU=T\B6-}m:Z=^ejY?i<X:^PHhm("
141,"XJnEvXZ_5Q#0nOH!`2}E'G54@T,'-&>c"
142,"l]tBJQ6t~XS9Q4j6""\+z5C~shI;;lL;{"
143,"d`""EnNUkvP5I,1qtR-m6|0K&T#GH6$[@"
144,"=VrMRt8""dlr-3}lFwQQo/A&]D:a7NMC^"
145,\iHw_2c+GoVe:l$X|:~kV$~A.e:k7aor
146,"[E7OwOX.TY:mA]%\}_}DW]'=,yCqp1@~"
147,"G,8ht]FnU,sIQ&9n\=:HvJg!%/ZwRq~V"
148,"C&R`^f}hT+z=2^+""q<yq,r8~p}Pby!+y"
149,"TP|D1.j{v4?w\B6Ua,I.PAi[?1kQnBv7"
150,"ilbY$R>n~{q6Uo8'(/#L,pkktpiBFzq7"
151,_s3I><PfJW@:3iO&'I%kUYIA4\DcPmn;
152,"5v%dIXq=t[;zP}K_,hY$WUZtV'8-1yHI"
153,S+v0u<l`K_Z_:%6:WHMY=|JZ2-BWkk|1
154,w&82^>M<{@0D4.^]ykj9C.[WI4Cu+O>u
155,"WkX(PEnPuN%q%25],]ir_II3$+Uh*b}K"
156,q:{(lYG(!Fnj&L#17XWBMIW~U5qSw{Mv
157,"3I""U2`-p/nB+<@,7HY!Il5cO?)9r`O,e"
158,z<(L}7kKy4[R!NR-AEa82p4O*-WJ*+CE
159,"\j_}bH_:#eYz$z9Ap6`F[\S""Ayj^q`G+"
160,"zw#09yK,282X|s{~-<SQm[Gdjw\vkB6n"
161,"))~f#MF'S6at,z`[L[\-R5JKzJRh|].P"
162,"pLs1!""[sF6>P.rseQr?2h(-QOTXwRED7"
163,IM[a?+\CUaXR`&oQoPmg3j\(Kq)aI2lx
164,9g~Bo2GWM5}CA'D)ubHg5uKH}xyz:7}D
165,$Nc<.L)i-Qq~wDMIOwcO1QNd.NUjdz.D
166,O)Pi*RVRE.wl_9KH+&cK&@tVD[xD]V+C
167,kEa7@VrMZ=z:ds\C={dEQ<E'a3gXENlS
168,"""3%I-=U893Hy5v]'IkF8Hd3Pct$t*`q|"
169,m{$r0&Hceu8LK39SbVnSYJQG8~:FUcy3
170,v/.tnrn>xA<zqAsy};ngxIEctow4|.wZ
171,"!u\k1w$""wR/8JUb~^q&j')efmA`p0KX7"
172,Aor:+Nl/{KjUcy$7e!|o+v<//@w;F.aP
173,2Xa}mz&p:ML-IPawGv8[y<M_pIgh8g8|
174,aQu2F=&;;Wv>^a;0&NTww%wlGtTK}@w!
175,"E>6P~65e-^y/$rGLB\pY4Q/PUG+""'cL&"
176,AvqoS[:6+Xg3k8HGXBv=|_:j19CaiQkx
177,"u:##]lf*Ht""26#76xW<[>&8yW=c}AWw3"
178,"svAcMQ~$Nn@&JH=R$wk#eMGYYdW'>x""`"
179,g(dQ9q&]Qp!jk=gp_rzS8n{g&Jd=mdYR
180,EP6h~Y:HU#(445${_n6J=1#OC/e;%}jh
181,1hcBo&$jSY[X(j!gVep10]m:480`[ol!
182,"igy*R{}#~e5[XsbB!7wZM?sx3O1Sqlc"""
183,@6<NoD3i_=68}iGrpR++n:v>YGBAvsB5
184,&~*`:y>V`;DRkmE{)_#(!Y\N#l}{dMj:
185,_!S`u]B$[0Eu0;ts%B];^3/9;;ZJz*wX
186,"4Zq[!@:qN|{}Ul>-yTnqHez7.8{""#++N"
187,"hGxf,zq1Vlx;/kJN'N-Y'#t>0eD9/a#:"
188,"cs-u:.GR~(P\Xd0=GF\""[|i""[=$IXP$J"
189,"I)2D0KU%).l,4V*Q{]w\x[9hqEFEMObr"
190,"-*=IKz^'d+,=V%Y)V4*TEb6']Xx>T^|R"
191,I8#|<[EX>i4-/11.Lc&:.S~m&jCGxh)M
192,"v&8xxK|r$0VKc(Wa=J5K&PT=4<Iw%,]m"
193,5l.[cU`88Q!rB=xTd[/t9m`uZvk-&IIB
194,"BPwP9BkC!:^f%)o<BnC7lBM8+~2""v)2}"
195,")kZ!nw7MrVVU|rhNk,f%W?K2v7nc1Qza"
196,1y!'MNrpWQZ3p~<\0BOY:`2'K$*~5eHZ
197,CuA^-O>(q~To|>W\f${aUf;|LSo=cvW;
198,"bD*](,^QPp)d!=*""@T;S!8aP@Q8&iW:3"
199,"):dl7W*462}rQ^,E5HoE;'^a;[y>RRu1"
200,7TKX5]HiI1{K-DQOW]%&n?hnC;W^N:89
201,"io,P@6Vw0^lH>E,tvbRA2L@fX#cC)T5k"
202,"!*pR""1S+9e'rEZRrz2Di$f=?i>H,PPN_"
203,"]u&-pAdZq.F5J""E>uGar'N\Y'g{XI!n2"
204,"(G~``h\91M""/D}^}CW=wjO9F>V3iPR7v"
205,"CBz(G]!*q(?eWWvPMXvZ8SH""WBC~zKF~"
206,"uG9x{xks\%zfCO'?""0z=C0s\w\p`]/Fo"
207,"MJ+[#\QKAt:\mARb,!V=8/+{,<}RIF-$"
208,h.!G~VnBm!Wl%=%a.!^wP^.oyM?>QuV~
209,aHsJ:tK<0NP~pYV%PKyCqM7tjPR}:1DH
210,7e)c%Q(I)0sA^c4])w.*RnwsavC5iI>#
211,#y9)!8T))SV1X/Uz:|eAAl+TU\BrFqts
212,d.AprUq}6zaG<y@{7FsxFnX#GLr)JIhT
213,"jqL^@sdn.<`o]svx`@xPG<En6""}#HLr)"
214,{_Ta.Hly[e)p?Q.!4cI6+FKc7{'11@H4
215,oQ+tQeqY@<`WRKuTEds;M;(}LKArQvMG
216,"ntRXy{K`'jheG[L1,B-&\T'y,HFGF,kW"
217,E\N;dL>c2_mOh3O!=q(#2:&kY<~MXpJD
218,EK\fcti42MkZYVXCV*;RIL^xT!*fqh5x
219,"Odftz<yLJE,E.<jLP""O,gt_7;wwi]lVH"
220,fUf0K'WpZrft5`K~>ZHG!rcs@di<qG3K
221,"WCK3FS""{}fr}(ZZz.2{,SJxR@q=._r=D"
222,w/qfI!BWGg*epv;25x]q`/gNngjY2_Bk
223,):{_O?.JJW'X*CPx/LM+#wa]F4vP^;}y
224,<m-4xxn]XRu|#mc&0'``4FWGYJ;3^#!V
225,K.s%i+98Q(qS8c+b~CQ~82V!@fU6nej)
226,"e3=n#cG9*:[o0r#$<*""y%2HR9EgkXVzT"
227,"w;Vrb'z\WQ_lpj)d2""8[:S2!AUSHP1/w"
228,aN'CV}7oCpQ*6Y:.i_0MFoj2s5SH%yFR
229,8{jrNj/XrG!1U`G&o$uz@aR3\2}Wdr@4
230,8TNC[UQ%ZP^}iI)JWX_!:B2X&W\z|kF4
231,"8>='99U`,$)NaZlz]cD|Y>Xe.A-zX!UZ"
232,1\]ChIxcU?*?M]]7'v/&E]JT1%R\p!q9
233,"21e|mD,>v;??""]Qt`E()q0`5$#)HuYm%"
234,75Z\i0Bh2IZfnY+`O!(Z6<iOwdE'FO?Y
235,Tj~GQ1h''EQ?v\~\].D/eT1[@[Y{iKxk
236,"G(0PwX9Y53Ntu([_55LAM|:xX""ygta'd"
237,@5YKK[w388eLCwAjr}9!-o3(PPM<9VDO
238,"AEsfMT,]Nt-QzG""5MHF`@-n}{uBf}Q'A"
239,"JlN4r?vCu&zW\}vr}@1gkZ""b5jS{btx/"
240,"!aw47e-MNb^H""x4av(462T@tbB0[Sw\i"
241,"lw8Q<i4]Ub_C%W,?DRCp[HYLQPzzI4x6"
242,"7d[m@mYcS>uz+\\]?m\_#+aas]D]"";Fq"
243,RTB\W7iCaXEwuYFsmBu}JvDo:T%=F/9I
244,"=^1aS>f7XxQ-EpoB""3@F]zb,$_/Lk*`2"
245,"ng~W_]-D>?L4<*()d@""{FWmQX>j]f?*H"
246,"8,xxKSTMx0\mh&r=asre\wBFe-J[0BCY"
247,":4,wjRw:*TX0%MJK8N?[n(IyFU&j7s^?"
248,"<YsQ]()}ruo/B]X$<1,+$Z=4DDh?IKqQ"
249,"w`rTOxBWxRuJ!M[lkol%:%ByA|#D@,xL"
250,"a/C)xK9""9[X+uG.7rgnL;Pc}{fqJsh.I"
251,"d'>:]1)Afr]TBKMbTX}?""iP<_Nbp8hgZ"
252,l35PE4!_TNWf?Ce8=)0M<%F#:smDK}vB
253,Ee7k`~U2sO64O}`hZ?RtM@cq<!Q1fpm.
254,">&H-/-TLDmArN)>q.lG-ef,7""Clya4(Y"
255,"nuI&@_6a=483YE""tC0:'$J@m*,dRb60e"
256,"vo=NeT;@KO'xS<WS64[\:,=<Zul-Q!|~"
257,4vO{KrjVFD#1dWXr:H02CE)!EJ`:@vlJ
258,]Pj]QLu.+!(;0;)/o^/uE|4cy4a+egn@
259,dCdp#/i&YPv`gEieE#t.Q1'li<w#$UrC
260,"-IdJnh.""x=+!h8$C>Ozj]#?@""*HHG/u<"
261,)f-0\k8S^bWee]Sti8kj0l`t4bK&[0\N
262,**E--'b\<HO~AT/aLyyw)7T_'9/jkgFe
263,%L!Jj<*PheMc1m.eNZxPM-if1iG>&f[C
264,!6Lw_ca~]*cwm7S0h|g2.i$SigZ<J.jG
265,"wH""]Um?c\ED).W>((AVh8.VMO$s6kn0K"
266,"h.,1UEEyo_QCdyz(:K#*NA~[IzZ,qs`O"
267,"AMU:g@:5q)4Uhhd:]C!]TY&S(&S,@_L{"
268,2Evw;H@`i2tvj@/xrnw\;n-'*Xo;=7Q=
269,D7zdS/eC!/quwu</|B{T~BI`<60tS<dQ
270,nZ%i[pt)pGC?k</vaj*zbs<.N><4s-C5
271,"~@.m,iP""fVlFfQ|{y{Yr+*aHQd}]ocd!"
272,3mfF`:%X5K>VM2&h)D$PpGSlw+ndzy>3
273,?.Ujex~n)1T1pB>&r;0'e&bx<?YHHn$J
274,sx='eYd44$W}.]sW:HO2nJ6N2766qEhv
275,"Rr]id~qxGaC4DQoZv[4A`,;<tFBD]]bP"
276,"{R<p7_+k`%&1Vo#>5;C._"";z,q%@]zBG"
277,4#b&<O@yH&\ZC[n|)(ZCSi1#d`BiT2s#
278,"npb>2'""2p-NeQZ5cm*@DZ*H(-l12rFUl"
279,"$Ydt@eE\1(](@]VNNy}+0P8K*\-}l@p"""
280,"0,pQ5g^^z,qII<X:,'s+()w6*X;}7'&v"
281,.'gEE-QjII{JGWAUq:vHFy@ef'f9A`\W
282,"#8<7X(vz0qZc.sjox#(1<~m;f,J9^&20"
283,pV9xo($mT4e3uoyA8$I91|%=R:.3?t;/
284,"bLA+{Om)uA1W]/]-jP]dPMn>LR$""m.7N"
285,ch5MDI%cZ}AgaKLVvpPwmtJ^k:%7so^I
286,"nP1M;lOC0^%u[&_A@>&EG""RjB/~DBJSe"
287,"=YC/Zwlnbaiqp{vxf7jN;27Z.>m2mV?"""
288,-J^I**c7#QeI0<]}H?~\nO!X?+`qbZ9;
289,"67%$3H`~QAN`-%X.DCjYrth""{gQ]F\^9"
290,")(r\tnuuH%)L6Q'{p=e@ub$xP%&=""?Ld"
291,{Q}HHERi9o@5RM%m8MI7-EWg55pY?YZ@
292,rb;L'({x)+.pq2|Fvb98Qj<N&Q;4gz#|
293,"L)O1m+tMj<M.fZu}y_YJ!]""huKWkf""J="
294,mK+J[gL4a}{PL(fH(Q=*sDQqmAN^1HiI
295,{XXa'x]w39Fa;G3GM'F0__I)4mSfKwA!
296,pobxk|$E7H1WuC&q$&njRv`uAVq&K|[L
297,"%mUl_r6}#4/sNOw""$HqK%IEQ@""uJQLwU"
298,z'.&/aXK]/+>&`vLS%@a79l3ebe_7cg<
299,"9tlM""R4&+x?^|!~fFA3U)By1?-8`*-OF"
300,"Y4},XJ^vg}g8SW%wPRD*Lj&~2Op\+BaC"
301,]m$2.kK[xgqq\ZN1\L+e9kS2ZZUr]QA.
302,"ALAp1]fwg,Wme#CkO4l>~+R`GRRWYQ/I"
303,:cP182'3U(`XrrZv(MCz[s@1MeM;h?MY
304,"/bTT'y8C.^Nq(yfPgPEwUI)|MS3\$qi,"
305,"eMfOb,?jvd]yr,8_ZkwC|]JIO#LC_12y"
306,"jvV\L-`;#3|m:ud!t|E""g^rsRs.d*Z#l"
307,"jdRSmpW,>>O0hW326w5PeuVg""x%c]R8f"
308,"gg7l_/a{ythh55$6,qd@#vJYaG-P@@.2"
309,"SA;0|X_>hq1<+gP@R5Y|0)JB4Q,OP\iG"
310,"m`*,4kpP-AtEt#TiY&%+'dD](2z|q\w1"
311,x73Q8$!=WO(EZZ<FC)t-[%t`<+k]czrD
312,"Ez+v&z;:A]_N(8>2,O@+`xJ%/nprNWsp"
313,"m.WN|W81{n<<Q7F2X23aNLp4,3RfYt5T"
314,I>k74kqim5R6m~a+FvWu`/Btn)JlK%D6
315,"C)=g83.?O;+b]S%B6I*'y:RN?@/*L''"""
316,"WBs""M2~W;K'O""}wU@]rz^SYd$md{LN]Q"
317,":6C'48<7.'5Z(C.OOr"")4^Gv]if7YzcV"
318,{bLqC|KAFS:!j/[Dyzz5+'Ca'0@DCotA
319,"1r5\xk/[#E]-]N;G1""',_L`Y3E&C2TK%"
320,"U[OKie#qLF)IZyKv5a2""tC3G}BADuQ)-"
321,2\pnT$\;$&<(:psj6b[{P|zq3^n9<avK
322,"LTj:?q1^(^lDJbq""%B0X$Z@bX&IbjyNM"
323,xpGxtA%c#r~iQq-A{{`vIo]g-<]!59L6
324,"8/>~/""2\AAfTa~cj.(8>bK\<\/9lemIu"
325,{2tvaR=0Ha*5zQAN{@cx0n23XfDb34Q:
326,"'|;M_LJ4+Am=|;,4T,#||!XR~i&\SivC"
327,"iaR|Nzwc^g#j_=1[2,""BhRt<2pfS6vKv"
328,qE18v8Twb}p\-tuipMr8D{<.zX8$}tqh
329,--p)w|mxndo#Q=a)Qxr[!&qxC93{*'8$
330,N?S)#Eyg!n5AC:K`|w]-oN_j^TKw^>9l
331,+U9ZPQ;YRHSDP>KQtN1nW@RHa8=!fGB~
332,"1`AX4[mQYtmt>wVBaV}]""6j`/m=e?H]J"
333,<6O;pm7:$Il.;k))X}{ERCPq!VK?-cC!
334,"Z>^Jy)d`U9P""-8ucW?b36rX3V?okeL`="
335,T=HWxBzs.AaexTN35zxsMkZ#gTR|X\JB
336,]O'eNX[N|GmJd:u_j!Kr&Pi81dH~QkWz
337,"xgS'>^\)3+X/SqMg<[o:+5{-fO~ga,iA"
338,Et@QB4puV3e;AXL<a$h)W'N!0Wrr76m{
339,b1rEOjz<ZdOEY<:(fv-[p(HwCbe9p[zo
340,n9[#!.YDOY03M4+W7V*D^N3G1J|1qX(0
341,"$D""<K.6a?_)Pt&R@P1u""_yJ1qd#A}p(h"
342,"a8)YAYjD{{<+y1,Bdek=fSB7su9f5~7d"
343,}Hsp?`MYR5v.?y:~Sw#866{s2kH{/J9)
344,"^^W,m<d8C%o~~%x%o4=<V0)|61)6\`X|"
345,"x\N#(NMhGjh~9U1Hb.\L7""NK`~|~^R#A"
346,M(-W+rmsfPIUROaw8N`z;G[osIXrn*!#
347,`<Q$.U0~@h['UXRZj6~E0X$\?eH+lMcG
348,u!;l=2w4L@SZVT;{Guu(yP1fb~C$IU;f
349,"4[Pm5Ut+a""v~i{S!APfVo@*OHqKc)X;k"
350,"??6rHM;^""Qlz_R""U/XJ*Dw*O0Wk!-V^$"
351,"khm#su2?F#ZO5?fT8&jjQasX|,jqs]4M"
352,+}W&l^Iip70x)TM_6jAWZjc7@>0}81[K
353,nV@7e]`i}HS/gC_+\@Blu#qm)<*fyo1T
354,"k{VeR.z1LM,4c@-kt+-`b7{s%$-mkZ!~"
355,7\`$#Jv:L4P1qnU.&s'It(5Y$Uboh.>U
356,VVJ:P}G.'b<*@SUW[p!}VimD@I*ui+vX
357,"RcV!$mDR{j4BQux_GmN;!\.s{/L^*>"">"
358,"dOvQTxS|nAYrZU*jt0p#DJiaJG""3@b9A"
359,z;EZ2fFVz_J</Cw]!~|.C_8C/ob4l05D
360,zjE9m8sn74ZB;YS>d+]ekSVc+:tIu2El
361,">D-_jeuQ=lQyaXW*&4b?""#2mBm8^.q;y"
362,"dFKE~ZFaffC8<F37,OfU052""(3"">9/w1"
363,"""m4nrgPJS""'\}-$[-kI{^i)?M*B.LF&t"
364,"iAmlR.7bf8%Sz&cKE)?1r5""OoC]):it%"
365,"|2/d.\-c;P69sZT0zps&tIjD#A%,iP><"
366,m?9g)UfOHA3.-}gpjJR{PA$=9%W*S\_o
367,"Zw:wl)WR*Z##Jv!j{N*-T&ohnn,zf;I{"
368,"@%hoab{B)3Av(zl3cQCUfI75>""{80%1M"
369,5dW`*S_71<>TUhAkq-'s`SvZ_0!%O~F;
370,6cVN@V1);eARV*cgs2YrxS#;X$p]Z=@~
371,"!}ebs{[|!0s?IHQ$~6{HtJ"">CdmJ<C/%"
372,"+*CtJ2,aKW4|iFL;imRTJYBK)~DI?kRv"
373,"-,H=99v<][@`y&(SKy|F]4kC\|-{9Non"
374,+_V'!>fWLEzyE.05BaDBf9P@/b;[=ND\
375,Ex'mRJ[6ZoovCs}ywYL<2E3{;+~{Yz4a
376,mG9|*RdbmOZihA@39TDHMw}p!K+RWJ-6
377,",?-GVwa6-1ZK>:`{*/2+jx7\kpf&GL*X"
378,M7NX{MUt2J$l?{rub>3X[P}~8WS;UWht
379,"jem(kb*&?x}%yQeCjop""H,++mcso.LfQ"
380,lLYp+?QA1[&xpLanE^H7fI!0Agck.{&N
381,\VnCfbplex)-<aU[k[q'@yAlG)&rykRb
382,v;OsL_d^I5K2Ip<Cu$CrRP@S4\Yz9p_*
383,"SkWiH{I(;i0czE:o0'8SzbiG7@,J-yx_"
384,"A3J3DWn.#^,Kj,k(4ik86S5nza1utcK>"
385,PW$Q4UIhYv@*m=u:im^I[fq0eI/E4&]x
386,"]@bPFV0@7E-*o,1VmfB1+Yp?@O.XaW=L"
387,3-fz7>S'.G8(sHOeE6]_{RO-yWfsT`qI
388,4I*tB+2/<XhSS`$s#rhH-]kQT=HN&Lzf
389,S-lVmxTYeSMiK7N2#UC+7Cgg{O8XYD\4
390,"BrtyikGU]C(h)w=GAd|TyaVjyy!9'P,#"
391,"ka4/""l""&>moA1l\XL;B|K&u7<*D+W@7~"
392,"w\bib#06`}ZG=@'mFAOvVrh|GVDN)\o"""
393,vPWaTj?{^Ke0b%ES*564R4w<EdO%;d$P
394,]`g5Z8mr0U?UxO/T?{hnMJ7-@..^Adq!
395,"""P*c9Q1HL|'Td#MQomv2dd3Mj*CWq|?f"
396,FP+K[UT|o8gY}O!mj)$_v`g2QU>;YEqy
397,wn^{[*9mTuCgL^I5|P-mxR'Ro*9O/W0(
398,TuI1s(W~J4Q;|+S25\<1c6sK5T/rELHu
399,T/9%gm`g[ewPYs]0E)k}C}&Y!.u/t=\$
400,i\[D^U*R;WV9tk7dJ@1Y}FjdK$:4yU[.
401,"3Ql,h5)h/z7SR7@rwM)Xw~-5;G$Uh.x`"
402,y2ep0LfRQ1Z~WqUZNA{Ev#FkV}B->ZWy
403,"E%jhBf@u{k}LE3'f/7mcP,O}?VP_1""DK"
404,"vbs)#(C[W!:)Ar$',|?@0,.mH]Nj42}c"
405,v:LylT*PSAhe-KQ=AX15T^\'$|*TGk5m
406,kuG0B[<q@kE*/3\hg2H#0^U(EwWMr8rQ
407,I6touI_tf^50XTw9'R{+'Z\;63UijwGI
408,~zWxkQSbz:?ye%~RU2:I}0`;^1m/[oU1
409,nDg=`_Z6nu>MaU<HZOKDq9iAQV66YvTi
410,"&q-n_<1!Y%P:oS4.ObB./56E,>F(iyAo"
411,*?xK:a;aA~r=?lEWhataR:CFv=':cGXY
412,$d~MC%/Z>[z}=U5KkTf%r#Z}0A%8S<}a
413,"AtGP4h|_GLWz=1{pyDogeqkvi?-Ngv+"""
414,"|<""BdX_\onTW7w%KC|hd#EO$_{RKB+h="
415,"s[-u2G_mguO1""|$k2]{'992feNN!{uR~"
416,"3_fm]D<o&r_/2aGC65Nn{]bu}X~v,/ey"
417,"?\iP@}RSF?>/[jLj,mEnNZ2Gx<f""Oas~"
418,"@hATj""qii9$7Ftz/_t2V\E>9Q$rFU5[t"
419,"hC#,mH%Fi$+\jSsBE=>wm.e(J&8T(B3x"
420,"|TT$("">,z\g~C#fP;V9:b&nDf:h""*gdq"
421,%d;CX;HwW>@/q)j/}M\c41i-W#{N}E6-
422,8uh)Mihzwu6#QI3WTv6s2+Lr.bG:p/-|
423,"ZCz7RSL}A^r`7hAx~,(o'[{IpbD8Vk+7"
424,V_GfY*b8uc[*;_|tclaS{wpF=#XK%5ZR
425,"(F_,ZUKp]gc^ou&Q%]uQ/KYf@9AC6;WU"
426,+wqE:1&A5{K&ZY6W\&Ro=2*j?;H?8?2{
427,!ev$:q4LxmXp!&@zX6hfV+@+@9t!;N.B
428,lk\b7$:#?)u*f=D[;t4%yM?=x?%>k&m2
429,"4zVh`eYq|}{i/a:h>B,,KV9T~i1<IC?+"
430,bzk;d+L/k<Lp$}^\3:8++}-ZhVL~?1!7
431,"~f1|4ns7""5}%)_k;i.K,fKbgya]qPNfj"
432,"_U1H%',55!C&k1<WdceyzD31!a6u+80y"
433,"T(EHq}h,)h4S(\B!CA5Al`vyKd(QE6K["
434,X`J{X}%5{9F+w]!D]!)Z]=sA3\>%M5g;
435,{Ea4/Q06}*|?XjVmvral>fCj11Phr)'%
436,"RKCu%#""\|/(l$YT4}xspPn&kUaAWKQ5\"
437,9^C1CP)(kD5Vo`vX+ld-^GNm>7}0FSg>
438,"w,eb|f/&:XqJsSo1W)*'B5L\7n#`.>vl"
439,"k*2@J*ys:9(.2U@Azgh=A{1@O""nCaWqS"
440,"LH1u<!3RSeN>_FXVHxkNxo[Voe|:c{f,"
441,riI#`\<U4.bXM&.nh-h:zNNjDAy`E5tY
442,")IWjd[PrLfYj.}43PtWX9e}h>(k""ql<8"
443,"=w,6@?,Vj7l_}v=E?qsLqE*""04K~5i,w"
444,J.PMI/**{ut2?#uq0[oYtw#\P`$/SSbk
445,"qk,4#]IVphp_g|9c1<F0""VS];mM)D`gX"
446,"y\Ao7F""0u&{B1XU_S1o</us#Q~5;ZyA,"
447,"yul^,szHv!FM$Q#7UAmi]|_%uKv]`pcr"
448,.@x89_cQj]_c:jAKOp5K6c/-\LJsK>e;
449,LjN%V~*scfO<;WB2S+s+y`|ZLJ6PYw#T
450,V['-84>U-$%W~KO{AxfQ[bxn3#?g!<&4
451,"}U:`b4I<""bW2o:(@Tq@.d'_0,U>ilgFY"
452,"%1Ud=<_O`e'}C5.)qgy""06[k7RbMmJ-R"
453,"(""xW8GNx:l*(OU<jZ%R%KE\<n@g9fv9g"
454,"@'Sgz#C_Q21pl,A{g9m3<wCOgbR=3:;q"
455,>?#YxF>DFZ:@dfh5{_J_m|(CIK\nxeM\
456,"s586\@>X7(K!QG'x05w]o'fq4h40"";^f"
457,(K4SGSQInzSon\4w1<|Dxbg+COK1P|oT
458,"""tr@[""iW8Irai(S*#8b;B_k4]zDvL]&J"
459,^p=E~GGS-#+y6V;=|Aw5xj=#Wn|-GXsJ
460,<ugz7/nTXa{s[.X(?YB5@-+X4&htJAhV
461,x!16Rzfaek$I[$Bz=qa!pr3zlf2S&$ro
462,Vc3]fs=jn1}5?ix24X$Hjh|(Hb's-SF<
463,"V>)rUI3D.N0{4""=Iky/U2?|e:r3`ekPD"
464,w*i;]T]<@(H/=zdPTm\lmv9*IY$2h!('
465,"Wi[QeLw,2BYv5T~B1C2g)n%kplsD.l=*"
466,+m5Y8|Xv8}2->uO+c>GtEr}k'f_t_|kA
467,"%,(J$@UQGNgt5X9{;rRUX6ga5}/TCPj4"
468,"d?eA4]);VK~]Fy0$4:eY{*v??%vL""ibH"
469,"8CBD(&,UU}]dAWf2,YH`-Q!#vqDw8p9u"
470,"i'1ff""d@^5BQxZFKhSg)T0z#/3MVc]xv"
471,ILdRe7l:45p+oE!DKh1FkL<2HR/CU`@l
472,"'MB9u,2G%,.F|e#nw[i#e7'-(:ZD0fN#"
473,"dxJ!?^h~,9R#wi1L|,Hvd^J~^DNz2x-/"
474,"Q]1=#t)!Eo1XzOg2W|}jk6^""dO/e.)Tr"
475,8-K'kvxh@TL#7aDx])y36$8eIK~Irq!b
476,"$?l(f6UGEk(aCs^K9Yc{w\""e>&#/hU|w"
477,"[5Qh|d-E.""_%]J@nu5c*%k4,Z},k9>bZ"
478,jkVY%h3j_H?-XuAZS\<mS&C]JKcpfmJb
479,"h.A^b]9?{wu&e}i>7,S!k^%*?x""7Yyv="
480,"?67jL%`xA^h""JvM/!{~D/""(TvdUkb2OK"
481,I_+y`t'D`P+Y)maW)w!Aa8%0|/1Cf>26
482,"b5@':EAh$D`UIzco:gPg\NPYE*9,T4AD"
483,"hc`t&9zIV""fWm(S~4ixhG$%)!w(;]tb/"
484,"~),/|Jn=,Az1]eVbl)W-^L?<xF?t*PRL"
485,kjDAF|kd4J1S@MG-L.^C1YplOhn6'P/t
486,ILzi^NXQmEJ.gxhgVo4)Z~w/Yz7LFndL
487,J[:lhC.xP-#znTu0GPjfg8q&nRmYebjp
488,w>so$N?0JCtB#t6_c>0FxX?7>aV&XCe5
489,26nRV25PV(j]LxjmTK*w|g8*C6f89mGe
490,",q{NBs=}hb^*@h_sNf]@=v,8S96UL)NE"
491,",z0cLKE}3V,'8yQEzKWD=]a(I""S.](;t"
492,SsdC-c\E1F4]LL&{Sbpv9Ow>1v^nAtnr
493,+\|(KR)8u8}2p%x*_HM`Sbs0MGH!VLmt
494,'D|8nGeXXn}c|eZ?$x2KK}x%NvG0K47Q
495,*L=rH0z>8q:4]B?JY%oi0$7%[QgvCg2.
496,"BP4|{z,@{EGC.$_X)X(/4gnZ2^k(,}@I"
497,"B!HuB|s2d""^JJ0AhWq}x^rNL9nYD|X~$"
498,n'f5HfG=zTnf2I|f_s>3$;Q-Sv_i<0RI
499,|i0/oJ:gDQD{{32Pfq9nPpo8)C]jV^~e
500,zmg\p1h*+b)H-yL|=^{;a]BdUHw'Y)&]
501,i-cC0h/^p/3!:8'g#shmJx|$\*Bt){GU
502,=hV<pm/w~YXzO29)2w)FekW0>Ds;1.rG
503,"wskAa[w#od_Bj0!*m~,][-*L,/lk4kS5"
504,Rly.r?mji1~I=W0mdpF){3>(8WYUV!ox
505,`qqZtMm`(L2x*uL._-izR=3'Y!^j;Bu&
506,|B4KLQHPo8yiF-)D=D|~Y5f)h`l>go%l
507,"{c)~$z1s?3SQWLobX""iySK=H#;1X<zKo"
508,;vfp>.B-X:jN_aeSWf^L{F4hy-qy8~)R
509,m4B}VI!C555I?r$NOA{ZAAc.QpUW(76[
510,"X+FLDq2(*>,E)#F;YS>>{=zD#X""B'&TD"
511,fUoM75~w3(KM{gFmq:Z3{djvY2!P_^VZ
512,"$lj8l>%t@KZ]4,"";mK0OW!F<Q*5,2Z12"
513,?hXXdn]qh3cjaExCwcu'@|IBbXx)DBbQ
514,"`2clRN-Xj|u""^>-+^?kY3AQQMu2J`d]j"
515,"qlg~Os,*LzK|2D,Y>#F3Z!@1zWg2{[Q;"
516,ameh;B]ikXTv)*xg)VpxM+AbSiMa+R-c
517,"s+/-k,mgFa>/P$v:l[+""U8;9N^QS6HiL"
518,"K[K=#{a[mGSR]#r,_:]'.*l,^{A[BOrt"
519,ZXj`nmhP.ldU#EAh[E6@|Z:tmqdy+b5A
520,t2RStwepcO;2/#R^xtWf#^f9p]Q|gLZV
521,"C:~3]\%Y$tGC5T@""2&f0Fkhx|rz~>[dn"
522,"ik9""mJ5TSE5sb<Nm~idFEUXWVDmr$)`+"
523,"i$mMdV%;emU's0<;d*(,\BmVF:pn=JC*"
524,KCPT8<65h5mvLt]P>d):_L<wPoXg)AF1
525,C%;^qY7@\v``b\f9QU\c1oUrP8<:9T.$
526,[Qd.9H0\a{BrjSZT/=FM0~!@b>M5x3`{
527,"k.;>MN_C!SDro35EC>#z@G-;Z9E.ZNb"""
528,"Smn2:FN=NoT0&=sZ""Wm1#R""adqRzF8/E"
529,OG.DPE+vZM~x0=9c}]nW]>Af{MziV>Yp
530,"WX8HCR%DPNHnAnx.]YvLk.V~=<VP""/^:"
531,;yM~I1.SwbctNm;xdR#@F{#96v*z$oJP
532,"$FDHS""""va6EYCd3@v{F|WcrfNOzwB}y%"
533,m\?fP1u~7:LC~wArQZa\/kH+tI:wlERv
534,"5C|""R?CAe0,BT//q6V`d3P:&VC'2miJ+"
535,o<qGEED>v3#4SSZ&3[1_:Ur/YRFnK2Ef
536,".H7-$fhF'|d/CcQr,o,p,q]O{VO}RwJG"
537,<TqaW&>Mjt.0hqH*RS#`&MX6F?GE)I+.
538,"l6ptTe4.v@NNXNOW|E+QN\Da3Io,Wk`N"
539,"zYARG=oEG]8u7,Hk5I&eacX6V]Hf3=?P"
540,"`$X_C""=%Kqd~Xwu91u)E@""Lrj8!ROekz"
541,"CxAYy\sf55ajVGsJ6z+Rq7\,LIY""_^3h"
542,Y-*6vnir#B.pf\N\Owx>g]s34L{=N1wW
543,ZcdGl?uw$S@.B/=I]>nI>E!esBvxn/^G
544,":SFn;6PR]GWjm)%4xGaIp!,#1RIRe""Bw"
545,SrOk{<08`aR]l(j:~xPjdH~f/~pK9g@B
546,A6UZAZyxKV+3s:y#mw{'D*65ern>WgxB
547,Iu<co]{~Y{pxeYJ[+7w[%+;Rh3%h<h0%
548,v4xFJQW`AxhdXdr`Gutk%RhYTq='Q=Iv
549,BW(vh~_Q5hY@7Q6A&\CB^/+GJY%_%|_)
550,:}rWi{*50kcx(L-_<I%?#J'&RQCD'+*q
551,[L7hTP?#}&e<8S$.UkCceEw>W'yr\EMH
552,sQ`z?dHg+Rn(z_tu&)^wxyX`P`@1lrwe
553,.6u(=o!vi<{wJUy}?eZ<ve+;DRX~tuV_
554,L1jY|l&$$hdOM#DKCP^)+P.?WkEf2bCP
555,"#""1tDt^7OL,BHlqe|x:qk'a1Do$.;@LG"
556,(P#[f<UMULqK~<#8IHC&yj[4]8#q?ZYR
557,"^z\8A"".xD<LqB8!^-[hB!&W($r$#]C&c"
558,QKLGVaT;DpS|Ug;T{Wq@tU+R8JT`oya|
559,"(&{n4;WyY6ya3@i,:W{AX*98)RrGL0dH"
560,"d,uGRmu7VwX~~J'WQ1M>F0ck'Uj(\GDO"
561,"3L'w>`|[W>nUaTfYE{=NLLu;(@E|f,sK"
562,ln!I$U.ZqLLW7/lWp]/O{Z[4<`t@:!ga
563,"0)RCj)5<5]""LT&aosIR=btB6J*wBbZ-!"
564,"s\Lvu,-T<'\$s-F:0Zuf=_/eT7!Fq*@D"
565,"gpAtF<#!VE1rcJ?`-MH=E*P>s/,s=kvA"
566,rm<szLco4K_3clP-reKG3qNbgvGkNv@N
567,rCCSpWf]k#\2PQ^$~\s$jj(Y`%xS;J`X
568,"~@V>Kd""p8DRQ8<?,x8,4lQ/U>4Yi_hg["
569,xu__L'E~>xprM$XT{TS(W~X|~vcp4#X|
570,"j;`S^oD_5[9l]ErGM,OUFrCk+}Yhx#o}"
571,"~\*4Wn4BG""bwzlRxe'Wg6UCIP4j.s.=a"
572,L:P9H.'5`a1d$<-fOmebHK5$_#E!j-[:
573,wDJ`Hx.]U=kpkyxm=_(T7f%-@19_G9=d
574,[N+fW~alW8:7@:%0hEKsbjoWk.I\mtWi
575,"@QX_J[7r&Zt4""A0%pit'@cR<n!zF`&t8"
576,"^sJoKl3b+lp'8;Nf_#{/|qMeb,^&En1N"
577,<PuHgyJhq\s:Q\:n'+gC(4$y&\Ro5v9s
578,"{iKADB$,+ee.*vzR}7gg?JggU`ce%F\P"
579,"Af15l#,s%LS~-nX9/_K/hH0,CkH_p}^I"
580,;<k6I5yx`H|7p!pj1FuW+J0o0Mp;5Y|;
581,!kMA/nV34Fmg<rHn9f|[1c9b'8tu)b;d
582,"Aa$ZC.,.`n\Y;d]GlW:*#?URDQgp49]E"
583,">!rb5Q57+K}U[dUuNb-F2(pO]y5{jsC"""
584,"{NW1UwisAv_N8cQ^.z[q""d\oHa&61U4%"
585,=y9M<5sBgK*=_Yat!ovn(C{&)(X_'Ehx
586,p!SiO)x*`d!gxu9-f&L2Vc0fan.;CadB
587,"J&2B[tD^c:0wS+)qKJN,+h,]hcL/x[?o"
588,"SJgmy,9E]yanyiW""6#*D4U}EvD4FfJB'"
589,SS9R>vx%JJWW!%xH^c&z0/X~]A*8Pa.{
590,hJKpNJou;D]pb=uz.caOw[X6+eKjA5&K
591,"Q0Q4_-p,e6tfkG3S@1V~gjiutTWWMfm'"
592,:.]*:]X$GdhWDx7(slj$F]N\AMB62YyW
593,"o;$^S5M?ump%cavw>r<kd:H&vDcy""Lnz"
594,",yw&t5;E0vf;hxjoX&Wn3R3i(U9mWV|K"
595,"$x{fHZC{S/PK%3+Y)JVUljAO5,*e[p?>"
596,nOPC2tb:8kr)qLPC)Yox|PLRR_\9HsU]
597,"zD!h}cbtDFn5/A^E4>!s}pF6""^e&X6H="
598,P]Y2e_v1z51(v#f@Ukk`zgk'0K6CqLxK
599,"IO0NVukv6""N;ie\s/ZlB|x!&Akb~A:Dz"
600,54c[Xv6du@m-vz#M|uOAMO+GsGG$JwfW
601,_?%H'7qGFDi+%*q}>CC'M%D[JCS>:FO;
602,g47B?.Y|Q8;?FNIzdvp6^wekkPkS?Fwe
603,6bzenffU9mfgcpELPwdU(}.|<0g6%-v#
604,"kV@+""^pQ4sq&p&ZPGI>8w'czZCT'<3E="
605,!\eh((iiZ?\bMYm&+]qE@5?aAK2&eOsT
606,|C^@w%68R^CAjiE=()vg%Ac(SkGQUICT
607,"c/r,1RaY0/h~6),t9C9jY`HR=^b:-qiS"
608,}QukOla%R1[lORZo%~5fHu`ci}+)I8&1
609,|]tY}hK7lTzB?HaTEwLP=;K3}]:S`[Wi
610,y)]IR$|l*I\jHXFt%?)bQfdAFirhH!\:
611,z;~}q[G]J;vY5KQkCzbsS5K6>aG/peTq
612,"k_@T7R%H""Mj3,{6GZI776""B8!*c(z(zc"
613,xe[q^=mG(oV|N~yhcvh9oyjXR}K1JBt2
614,"Y)<PM5S&""9&Ttq8&l-Vm7_bQ1EVcXwmG"
615,vzl5xb]l9&@<Frsb2ZxbzxB}_e\[Zm_Z
616,"8<SrV]Z39u2G/t(d)j""aYQxx+<oep#F#"
617,"nJGwe~6fmBYV?Spsk&|gyusdRu${n""l}"
618,"gI1!0GCvRR4<tx`{h""RE~cl<lrB/LMpP"
619,5i^BJy!#Jr=Hp+$-:^WG%o!m+!|*jIGR
620,"AqE-~Y1ex#!@r{}3dOC%""S=NKO7@xdl1"
621,zAW|W1F\RE%o#v_wl:4&G5?`2iz:..s2
622,"r]""!MI-~mQ5}#?t%r)=C'M>K==N}#>kx"
623,"R@8XaEnxJ/}X[,Yl/UAL;&KtlBo=i'i]"
624,"ws&-HKlC""1cuES09xGeEr7^Yy>qwJF-}"
625,8@'.^wo'gK]W<LWUHqZ-iqe9ey3uvY{}
626,A&~}x%z5KIIOXZ-T8Se?EKe\Hhb]Uk^T
627,"9$/qS7n{nI0HEPMO?8c`(s`F$#"":I[q3"
628,709Eh?hVlf/Fu\YCy3s4vda0kKy)VVb(
629,"(oM@?v[hG,oTWCFW[b?pe{l4,#`CxOr'"
630,^X$QL?QvZ=cycb%2l3Jm<08^je6>i()A
631,"%PpUD.`H<obH9`c>i.m,$NIKD>4AU;$y"
632,0fiY9GzsKXG[ck\ZV$qj'=wHC}z35OL{
633,"=7?w7i(hM2#leOxsQ+/{GX;JG!t,o$QC"
634,"Dz)j@^[QNE,wF""8~6$G.N)0rmtG0[g""v"
635,"#&HW3DB(<=;*'7v*BL)w}N<*K[W6,Z=/"
636,"O,n>1z-$>9-""!Ir(#O6}X}9`p,#onk%]"
637,"WP-kvd'kX/1l2&ba""tc|FWuWR""'>sLPW"
638,QSrRkVWV[Jl5kMn*Ejt(G7Cw*FpAtKbT
639,UjDmV.SO?L*EgnLK2lU3+Hv/Q'H/C|f2
640,:bfl{6APN_&K`$T@/29kSr[bne<)Gl&.
641,EJ'B{[^}tNwPX\9Wp1';$h}`?OlZzc{J
642,",-7k2Ys'@l[F)z{$)FQcPelDBAF|UQbi"
643,8T-!xdRFxDlcktx$YV\Y7Mq4>X{I5YD_
644,s7RNmhtZ[5E&6iM5xqHkLLom8YVo%%0a
645,N[<BcN.yJ)C~5:S(V1+<_+}4O1u1HReC
646,y9`-lvpN>5:r-9y$N2N4+%!2zE-eV|e|
647,EIpQc~$;5!^<JB(=v%J3+jik1S@9=n<G
648,w\4c~Rvhc5/CmtDB'u`Cp-%4uOhcL]Oj
649,"Xyjhc+N>f%v%Jrg.$>Xm|;aM""C9w]"";<"
650,"Kj{cS:%j@jX""|UrU?&k;T+fCc;|wyM[q"
651,Q.ju;Ju0JXHyWPA{[&+35/bl.~gzMVgB
652,d#D*fp(gpC2\vk:HwtxDSW!Gtq<P'W}:
653,".3eDSEvq^-(uMp.3](&V,Hud~<SU7cNb"
654,"&[wlZ[t*Z\,ApI7XqUYLj9a;/h-tShC,"
655,u?\UOBy^'F%5)5E2DQgxbH/5\Yn[J>tT
656,"=,!""qJk(,6`_1%!qW""/F'KO8e0MAKE0G"
657,"*)puy5/I""[#Y&znA*hQ`l\x?8!<O"":-s"
658,o[#~Ru.e)Dz~Ixc'nhf/wo:Z#ZmBvfPV
659,PoH&f0iOi(DEw5C)r#0x0jd`]cN5ScAT
660,"bk#ft|SMm2j2Z9A8^xg""S)9M)o4NO>k&"
661,"Me?0L)>Z+{IrXUxlcxl.L;@b/YEgCA""%"
662,{7q]U\o~Qu4SB]r_%WO+i=do&!^MJ\X4
663,B?rxMMc_I\I$?3cgV\95w=wR|cdE>AR(
664,")-0e'D'}?6""=X_JI|o?kDo{8;~IH}$fv"
665,"har#T26~-=xgK)>h$>)_8V'^Ny8,(a:Q"
666,^l*-9Yi.nL?2Q.JbO\Q/-Ml~wvpV])@G
667,"gtGl/]qXLuoX{u7`)mn"",4C*!16PCDl|"
668,"ei|By,d`q?$Q&dm>zI(@/be~(kJqj;<z"
669,Dy-p|DeS+9I{Q_]^O?o7@@=&~ZZ]*n^L
670,"Hb$41g?#'c+Az'--f""+xr0J>IN_&g,f3"
671,"4P[<QY.,n2b9E#-}k94J^lp?DFM#eYCW"
672,@'Q]Fg+sy]vgc)=-ebl.U>PX0D)3P7:E
673,"'t(IZJn3dwMwy{H_pB:ABd?>f#d*g^N"""
674,">rS2jguPU|[;r+OR{,So)3ZgBb'C#TvD"
675,__^ml7b@s<mj+Pj`qGA:x`YO`A19>uy*
676,"+`DDH|W}BE"")lh4^!S6L</*Fb3&_hg!p"
677,"^?H:P""MVFVxpL}_L6BiuM.6mF'@QHJ0!"
678,"2HLl(0D2(JP""Wb.^\^EJldsSj:W{F*xX"
679,%63p`U|Is&k+c\$SjxC5xwPG*#)o&[@W
680,92~&hCf7gp^m4h_#:BU>Ti.7Q<.X>Uqx
681,"B]UT\5sFoqs-f=mNZ%jcW.""g5r^#4]vO"
682,"6lj@WX6UN_G""cT1vbClu{cU""Bf:9H|{O"
683,"&E#nKHSz{mNM6&1Vqe-*y'""HN]'*wsv1"
684,^eQ!/#Grh[hf[e#v&^|w369N``#LzwZP
685,Tpu{9]Kzh45#a<b[/2BKsgZ~SO69</C_
686,"1|,F<5{W+|"":FdWnB((U&(wk<fvocjb)"
687,"Nv5j|3RZI%49t+q-Ad/sC,r0pzW?-cYC"
688,shv[vVXS}w8kXWn~(|%!{VghbpIArD|+
689,"XwWMq@x\B1H6skjkZ~1`m~}fV&,7m)S/"
690,<}Hd_b#@)71K0^B'r2>6I4>_/)Z'\a-N
691,"iLkl3DoT);?Bt,ZK$C22$c+3v&q#)%O8"
692,"Rp,8*#]Gm+Q3>0gJEh1G-eP<Q~w08I/S"
693,"59p8mt%[xPkjJ=fF],^QYH.**Q<yB(a$"
694,"_E<gY,OT!l@eg""R65S71\*yHYe,3}+up"
695,"<qb&)W{+'?t~52B1Ow*""~dBs*+1L{m}J"
696,"C1g>f=5]>Gd""HNp-9%I9{0Y@#VP|I&wx"
697,")bmK8a{YE>%'x$=G;F|[43Ac@e,+9Z&]"
698,"7,Bw?2zpIev""iN^-CWMq-M}p'rnj%y07"
699,"B_\vyQ?{%JTX2Ay,g(D:2c,^`ew\EckS"
700,~83#X=uf9J!nEh;7zG@<j_I0@Ql#}eKM
701,>'0|:rs~|H#ype0\jXw~(evIDs;!06Hx
702,6=.M(!7COD:Vb9@=W1jspv94CF}\F?Lj
703,"}3j=k)gonT)SmY""UzGK}k*u<W%ndFZ$"""
704,SC5~iu>?t`)tAc127z7YS2q?/d2(*W0i
705,zxcu'P~j4qt81f+zg&?\JG^c3*V4.[?<
706,"Ig9x*C3cv&""Gj4N5/ebeLc-U,LxwMeqo"
707,=Gm*(jKd$*eF(Ap2'Mjd:gDT!SGS&zn\
708,y#9yAkgLIEuByM>#_bII%K.'we0iPG$u
709,$5{#`XEVuxujJHZ|2HY3uz%I/mZ.gp|L
710,VaV'u[Pgy6ipzdoBK-xS41t]or!0^ZTo
711,CcRCIKhM9_D^d9&-r+wfhze=6_=Lp29P
712,"!}WDYlG$vV)N~r9=t^r!gXEgM,)4f25P"
713,L?Y7wVd?%ywI{\yKzb3Z'W=*Guorx;Bs
714,q$w>c@+x/@uOo2Gjrot~cZX?Ku~D(M}.
715,",:Y/(xHPjt<4r\'VsK#>6CiuiFn;XEmO"
716,"S.,L6L|Jdt'.upn]QL|@.ih\|t>7vhD^"
717,"s+BF8+~FYp-,~[\^K'oU(QIJ,{zqc^Tf"
718,"=U]lD3%NDhhV-{wjNsk=#""j1d@""V#Xbv"
719,z:0p;9E\0n/@0P['zWP<2x4+srvzt1^@
720,"G5==a;J)N,)4.n;0IAXJ$I1$)0j.Sk`j"
721,bg+zCkD&BS#-/>Ho#Oo/2()@p=ak*cMn
722,n]6+s}j)RX8z^dF}xmB+}%6lGB%'^]Pa
723,kjm\VR7eVx$H;6}m*(cLKSV@V<JAzD^&
724,K/;9[ZqJ@ok8yfu#!/kD\PK7Q]m%k\SR
725,"WbM{jbE|aIeW+(yX`a=}ML,UQ\#vIQr="
726,"4Qld>QB8t,WEKLzo_qx!),5i]#pADp&{"
727,"=9R#q&>0/Ms{e\>N/""wNKcrzuBo:}Ny-"
728,"cqMF@[y>?Sz,A9BwqCACJ[`<%r36I4'z"
729,"t;U^K,ch6&BO`U/}_12'79at3eA;Ie}&"
730,6Q#x{10IFO2a^tL9P^sP4/$BmIs}|#)&
731,?^bq4T{L=<61Opyl`YL~ulHpK(PcgOBq
732,.apl!+*nk@U1EQv8wdorJ'c:0D'0E4)p
733,",P8{g|U<S-d;)E^pZR9`8Wb3X`#9&O7>"
734,"rRRl}YC""Lf+|9-:7eWdARFb-p'NYa&0"""
735,"ek%AZEQ3R#o"">?r\,(^=,'V#&^r?PWJ~"
736,nSBx/KxT{q/-D=u$5Mx~n\3`V!6v\b8!
737,"i%Xo#Dp`f(kMtnY%{*EW>*F?]@4E""6^M"
738,"1lM:%v7O}o""dmL?qC|b+4?v:;jUl(8af"
739,">~,7jO{vS%$J(M7S)USl<o$k~5k^""+Jl"
740,W~N3bhRlt#EH2SI6_n+v\0`=T`89Nmb-
741,"JwT)`]a[}%ih]t(ks&j""n&%nXm?HUz05"
742,`*U`#xY@qUn#3Pkujj>r&[xLc/D<\l:5
743,"""la]BbNvIH{WWueRv1n7;pp>UIpE~@'1"
744,"J\*`,xP~0Tb0lDwC{|j""t^k~GZ41""}6!"
745,".,r@|3vN/Q%a(I[U9"".S|itPHh*AW-9w"
746,9e~6oYmC(XQUWyTu`8LnVqq)*G);7y!!
747,"c0s$t}dl|/,G.bGXrz~S:^)o.1]FfG~q"
748,$mO2k8xEh9rb?%Z!`||tk2M=4'<aEx[o
749,54KX1rL1bghead@Z$c!6y)v7+D4^$lR_
750,"JG\F:ZOjp.;""c@$p.NY+e1QO_L=_L95U"
751,_gx#uovSqnpv]YC1(Ztf@&2p]$=pQ>l5
752,"V""pj7IQP%""HQu^JqXt^;N-c5z5}2PQVg"
753,"FyE{""(c3tf4L\qk(50<sznX,vdd?}*7e"
754,U:+.8r9H#>H^xv-z`^@vjxV/sPihuV~7
755,"K42ECfms_tL_o@mCK$c(F8,M_F<XGBCp"
756,"0/Ox!'k@2|k>/ZF-z&?r,/zg2NS=BcT6"
757,",""GazGBIm70wtQV=~U<ab7J%yH&jsjd~"
758,"w&Y6/Hgkdsed[34^JC\1>[-q@""No7Y%-"
759,"i5e`.Cij{Bo`B]9q?u!;]2]MmxVJ>,xy"
760,"=r""I3wCBg2JP{Bx9+@.X3KI^Zyurs.<a"
761,Z18=wB%l_|!u~IP\K`B.RR/+Na:J\f'S
762,&2?KSSqGCaWM$Tuum^E&V>~W_.w(*W/>
763,yV;[HAWereGLAtBr5C#\lq%sz{^a!|Yj
764,"II<2""aA>%xcsU0:v<[kD|h07u-J?[G*N"
765,"L`K6O\)<n&?z3yA""QKBGumeaU,y'_c~T"
766,"mSW_v-JNo""?A{;Pjd2m-^OAkgN)UKni#"
767,u3RA)|9+{F@k3SB]oI*q`PV?3=DSXnWg
768,"f$Tew&kEow2+,dJJpwA?}o^p#<Kf4ds7"
769,";,?ch3sUsQ/%YE<}ldkZ9HQc`""@pU&=;"
770,cV)8muL^x-FT/ueToX@P8ib%r(3XhFg~
771,27Zc+=+ct_]Nc4oL6|=xXWr@5U@r-NF:
772,"hL(M~(a4i;Mya<W2?98xZ4tb%Y)""pOw1"
773,lNuS~66rrW#qJtaSA=P/WGyv&+{li8Za
774,|+/9$;\'PM|E4yzuHZ*bj=Ld.2N\`$`b
775,",a:/fGy3!ALod[6Jwgb9J7o%w#5%""yPT"
776,"Pp6yS^a8_"":!J:.[6NN$oo<YjH@.w',&"
777,"dKci#eqQJ(1NYHl,E.$pm{L=C:bYzyaM"
778,"q=o!>C&9tZ""T9k`x#:}0k6w0>*rm09v)"
779,V(|?5KVr7@?rob2&/*f6k4L(llI@u2T%
780,"Q""l&MGQkUNrH*&!h9EC2F&2zlmi|Z""&g"
781,$*XX!&gGcBGR3iU8Q5NqB$YI/z.gZ+DZ
782,tn5uWUlSGRM%h%~)MmQB?BxTqb6ablHE
783,Cnb]LO7x2>hU`<B9sgA}seEK#6qWD)dr
784,"lc,@=jM}<'Hsk%)-/u|=2Ze22*YY:'0d"
785,"H~FaW09\8f\i/T],(khVc3,q\1$kllh<"
786,dO+vBVTB5j0p{zV2k*B._<rM0S=SLU\;
787,"qJu0JO6,^8|q=""ENM$P$v6dw/+/|Lj,o"
788,"s:P2j;\lzL9>wpt*JxD<""vd6~]I%[EbK"
789,>_7F|[\8*vsShU[ZU'KM]%Z60kl3$V&l
790,m)ktv;3YrdM8rC|[v6\o7Z~XD3?Lx-[K
791,?DC_$q!:('s+;)&NIff;B>%KctWOgWw6
792,$QKvZXa%V'%_8\s1.v4$WkH[he1fJi_=
793,h/jz0qwep;B_Ew#=!>OEPw<9dXva!Ry!
794,3lm(liLcw8f1F!dg.8!`pxWtwmOq(?L#
795,U[#@CjE1%jv.qu\[[<aYN(smH4FbT^r:
796,"H`>p5QM[8Kb'e\^AlUd""Bih<T3m{f=s-"
797,i\p9JzA9uK4J&1_7Z'%$sMe[T<HK?9|o
798,"s.tATO?5?Hd,@z|8kGOI=RPSkyz;'7X4"
799,"J,t=4ai`K,Uppx}{fv=eTE?Lkj`>9E!V"
800,"1E""/fFxr)@bUE.(s'{<#F'c0`wU3@G>1"
801,DG](Fit@lTT0M*)~(:=t78L6]@_QV3#o
802,"*s`.Tx0K%g}6\!dO}>=,.&6~,iWw\%M."
803,"\$pW,.Z7P,+<I2g^.ZA~_5-]1&D9GEb{"
804,"mX:2\v}s,qIX}gUh:'pJ3\TS{!v$g!>L"
805,"h3BI\JUJ2X{u>7kXy2Stc\o""NG0s/'#Q"
806,f8:u8Gz)ms1j`5Dv2scZZr*#v;incyT9
807,AGt;CtdT`g/a@B[K.N7Ur$5o6OV:!>b=
808,"Js8wXD`C&#b5gs"";j#63r""R$L~DfS]'u"
809,uPNZM-}/fz3UH#jnz9r0k%ug;]'=SUPS
810,"\UFJ:N,8xcL@o$\xwU5gg+6f&P_Jn@-K"
811,"a!I]E;BM;41""v?:QX!(d{:-""H<%cL5h;"
812,"+]qDa+B]joBN-JZ.%C""xSFHcYh(*[dYO"
813,"a0~RMLF^2""3377Xj5FX+|\p7kkXE]U`W"
814,"Rw9pu]|hM:-PC`%rKi@_0""].nrF.zx@4"
815,-q*(?-R'8?nmbw\S3*OTr@._%yMYAa!w
816,"vK&SK6k%N}wvFz9i)[ON}.k}if2""Sut\"
817,T9b9f/:34?S=45<*kFbm$G=wR\^v|whQ
818,"/-X'Uz"">lcm#M.*O&4gTtNQ#`S,EH2NA"
819,"GSl1-""Cz}h[],{*SgVt!GJBZr&V'WE8}"
820,"s""gmKCU'b*L3""\Kt#p,P~MQXVfb_3\,+"
821,Vi)|9<k`wwdUIj6L/[@/<t>*g+sgs}Df
822,"Ri8W8P/X,KwlaW^1O8'Z]6uznr{FPw*"""
823,g\iBbGrUk}DY'JGTkSMf3_7|^%^<*za@
824,96gfDce4jKBvhB8AC}Ob>.R&6}30a=!T
825,m#3M|iS.PwmM1WS`p1a2_?oMir;EB\Bx
826,"hE1:gm9Sa8qtAe\;,y13*5R?H1(6n24'"
827,uZsk/{pq&Gk2`q>QT%e'9b$9E!gzM4Uz
828,A=>4TT&_zpyjg=tD928+3k4|KL)1TrhY
829,hL[]<>.JPV?XmDt6peO\~X\|OyG*r|@n
830,"P@aW/f^.ltIBh[|j,8e=a=0<`h#w}=[f"
831,"-CPK}~s>Qs{~fJ7va+]Aar+KV9p,L453"
832,AV8\D=x%4<9tdZ)EG!4e?Zv-naBeG2YA
833,`AL]hEz>9}_UEWJfALP$IV(FDyHr&Is%
834,"]+h\a>B7D""6B&\1`p$LID]J~[kql8cC*"
835,"3Qp/\QE/.""X~Q^`&X*U^T42qI:[+HZi]"
836,DoNX*RZ(1^dHkMFJO5C<O5G_38X*ot$X
837,93L'Wh5v.[\lqG{(*tKW|>B52ISHHwp?
838,V:G'#m5y~HfV1b]ng|F8^(QHFpP5+X:S
839,Bf>8(grx8Ob@i}I*|2x3\=Wo:*'{_<w>
840,"\iBa!{_?x<^6'-q%ZM7EMZ6afC,iZ1A:"
841,:$v6v?/n-kEmz'xt<yn7vUd0.Uos/#xW
842,"\W""to~Ugtkib{?vG(8(ERk<]|Tde4Umx"
843,?&q8O?(3=y?GF`Ia]w:s+<X!f>M3$?(_
844,"0)6=u}?tS=""Uor>D7:MO4xxj7+e~BIW)"
845,UjJ\TfMsCEjgwL6HJFrw^tDR6zNFYMNJ
846,t=@L^S^f-S'44kq_6jr[b0Zkp)<yJ>x&
847,"H[g6t&""|:MEU9(hN>U2fv+(fE'uknxfl"
848,Cq6K?4:b$X>E\MxC)|m}T/G;WK}XJeoA
849,"u{nEZ#&~|0&}'7yWy8jS}4j<A|""NZDm9"
850,"r4{bz,,Vu?wj$o?APN(EB'7\?L|c'w#^"
851,khhE5kEj1LwqVC\{vrCOfT9'Q1S.~mib
852,[7'SK!2bMyD*`w~#bzi`'OmrM=t.9IgM
853,f!d}~%f;@]BGK)q~D$mk4:-nNy?\!tK?
854,(BC2)mj0hWiiJ]L(:>}FRvhIvn$=:EWQ
855,"O\VuI'""89/K'ProZrPwcMNs8u[<i92-U"
856,ze=?-p.L)u`s@bF[cwo]1Fn2-@QP7UKF
857,"?Ka(#FM$T,iDhbdK|v9''uo/GC4>5bP9"
858,"""5uhgD3<Uf[<FAC`G!i;Z~g%oAvHi',x"
859,p.+aVK<QoX]^dF(}8I?Iaun]Vc1/fp'`
860,"n6iLs<7scl.,q%9d&JC1HwoH;=DKz_^-"
861,HQY0eaO'&JhgM%pbiDx?e\`Bj`)a/W?Q
862,";+,D,`e}N3iUTB0(WH#\{Azs49jI729M"
863,"8UK~cS>X,}n?'dH?xl]-`0'^=$|S}%kf"
864,"ySDluk`EYo3?ENmpF2-3JLL/W7d_K`""V"
865,MipQIKxI/U/rLB3VQN&d\$^Rb0(z{]wD
866,a+V`C#KN.F&=%ba[kzU!U0zscbqOGIBg
867,@\MJ/Cc-TqL3>pBTZ^w01w$gt_E+L0xl
868,"o+=Q]{(t?C""m_Ep[!%iG{|<f;PBo,@Q+"
869,SbkIk3A&76.def4J2p^&OrDCPj*d?$Sb
870,j\'by&}!ykxtQp1UDT!YAKbtJ3CqrU~<
871,|u\62.)f^xeZovlV[*K|'<*R`>KIVug/
872,Kv*hl!#?.^snb}yh#`3<F{rypzV+5Gq:
873,"BYqNlUh-~UT[U@JN.pk8^B}K""R|G(fK:"
874,"Kc2D1NWeAh,5UE2H7&I6V-RkK4lh#]o^"
875,"ta&F$Z$wJO{QK>R>BF>Nx""Ky7jti|{.R"
876,K@G&dm9:=|&Qx<oSA9f&&/!VJGhS'Ca\
877,$;d6>n^l:><%V-HpBXWv+~?ozJz9)6SF
878,y|tV%X+7\1F8qVw#}\&_lhrn~D)guYSy
879,"'8_g6.B9&iVJ`l0j_:eS$p&gx>zi<6r"""
880,"K(Ct;enz[zJ:SR$pKc""LE:@66grNKaS0"
881,"O{<E$!j'bjOd'[Uj0wG=YqeE#]s]"".vn"
882,~IrhDmp0ks[3csJo7&jLpaWGZjlwB|qJ
883,|nay@WBC]|m$b_6<RW;F7w0CwYyc(0q#
884,"VJjt:g;vq-4@qYTu);""))z[^Ebv8Sj=8"
885,"?*;=u\^5_=y29SS?O;r9yFmMFZ=l""Fg@"
886,";RYOFu|UHPQ3?Vc,Oyv0FYj;nDr>;xOT"
887,"rNndYJ0_YKr!&)Mut,bWoi-oLPhY)$h/"
888,}FO+zqbF.4<dd%(!s:5ofu'O]%Md~FJB
889,"<*(""|5KqPO(a3/;QL.b/ej8L!Z#qQCzC"
890,\m73W@DSs)1f`[;6/1C`3znFZiQ|jD3.
891,"j(9:<m""`Bzrn~|zq'`&1IXey5L'OiSsB"
892,"Jm~/@(,N*"":`f~ea]+Q.f0('0)BxTcz*"
893,`Gv1dH~YGx[WToWh3yJoxwbXB/;*Stc;
894,"krMpSx2Q&=n.C]P_:;zz%PmlPdkCd,?A"
895,"`J1oIYU|V[NL@l8lSYu@TgjX^2t_X~),"
896,3a3oH;54mCTs?<7/C#`Dqu2.>)JX'<23
897,a]MC9oyKc+D[!wYq-lQf;'=U=IfC>_+\
898,"ks,BNU9/bK1ZhKjbFEp8_$eV'YOMP<\I"
899,"~Qe)w(+,c68j;#6,r/)1wC%-""0T?gdYL"
900,X*#}-&lq>BMX5|@!EDY>PJ6wG#/VL\3U
901,"\OfHM36RfF""n`~q(z}HMw1%pC_U~sO0Y"
902,"-9_\B\}&]F!a55i1""|@?Utqd+gO,IsI["
903,"TuUxJp+damIZ?z/},qJ^wEKYoUN!iDaJ"
904,"j?.N4f""pWrpTIo|L5Dw7R&=-jI5j7gw,"
905,|Pqz$l;gZ2}>dUAX^7Y{n`@nF<?+#}Q.
906,Pyq5A_;}xwI0y.wjmPCbzOXp8f1:Zf|t
907,"acbZ.|A,F,+=.F6*me,iYNc""8>2Ujx]h"
908,"lQl5TRm.wMAgoqUDbj7Fe"".Oxu*DBsCL"
909,!*TH9NlrI6!`(g(J|&nAB$-0$3]-p<@?
910,"Oc>,ojOH4.1H_~,^f!-U0ecYjH\?r!E|"
911,Tv$D6uPiY8x{r:!|LZ*bJ_?h9>vZ&`TC
912,"{"".R{{-:'XExqq(E{;,|e?RkgH:qtWem"
913,xN;?:$U}UF/+v;CyYWiWLD:^^i<D@9e[
914,"I4Z0Q-d)2~)w,yf^i\0:Iiqf!y$fd7Wy"
915,gX!oHk$8kPyJ1ogW}kPG!qy(lq'2P9CD
916,JudQJ8lU#s(ks=6>+\l/Rn%pHWjO+ALA
917,"OZ87gqX:[9n1+Ef&,LY[/MZlcWEWfN%["
918,".AYSiBe{2,bwiDG!\;3sA5TE\gQpmwCu"
919,|[AsNUHY|+H3\JA[l\}`jv1wOGG8vJv5
920,"eQ&oq!];/%""&vhfH[uAW5h7`4c9upqb>"
921,^VP!@Mdn#cP&Wo7npDpB9S]M-j(}`}_=
922,Slf'Xg%J@0CTi2?>LYe_[[UX=ur*.2vO
923,{7A=jWy'AGCk9[>S*^[nyBmOR&9AfYdU
924,"T,0tu^aks*ESx:"";x(.&NLoBIJo^r;:E"
925,"rN<5)E^NyVH'Zwy%v2{3q_-dOyPH""qV{"
926,Czbn>0$@34I$Du#U+q49rXfTHa$eDE8p
927,=$?w%1<M*-^xfn[}#qFzM!a@uA]]C'0)
928,boSpA%Kb7Z)AwT0yRw{b9@AF|pJvNyc0
929,aS`6r|sCvbUgsb1erb}%N_U@Y3:@m[O}
930,QkU?^^TN|{xOz'+pL^]*U*phdVb^|:IG
931,.BmTY|'z'WvMz;T};#wJtSK:Pn-ZQ_ZR
932,r]$-;+T\unN>PP$EP&oG3RTM~wa-|?ro
933,>T|IW(c1mHn)bT~=?<hL+)ALxNjBPa1o
934,T)RBn}n7E8dTR:^%Q^.<gCc$A{UuRQsm
935,"tk""{:TlQs0\eB(rSCmKF2IvM?JLh5H(]"
936,U+gu\)*+kzhNBA#?vMQ2I&y55{6:af+y
937,"_KoCW""QVz_*#kJQ4SM,3o0G#e~ztN|h"""
938,"v1bFToWm0IN>h~""O""H}nhLAEEk{~[G?7"
939,nrn(Hfr0CvGn+~HYOV=N:BI!.`[V6B(z
940,rQe%vL_<~v:pfib|s1DvPt]7aqw.{1B^
941,"Fw>klX~Y;Tt'e6\m~T*""!MzQtX#.[T.Y"
942,HVmz]2rKCVu{1ipVS_h#?NYwFo?^~ui)
943,"zi~NyEjX""T@n5f~@:Vi^[,-2;o`kTx0B"
944,Uee/Zne#1xIu/ZAWn7=.Q6vk=TBEOVjV
945,"L/0e)wf}""G;(""@ywj1$gGQD4)$'-]=""f"
946,)DPq{SwYknk'A8}q?z$JRH'r+w~W|:q]
947,"$1B`8<LV|r!x@AW}J~qVB#l~J/cFZu,'"
948,Ked5crleu-R1!`Dc%\DfZzGYl]m2|CK'
949,ME&wyxSG<yum?+kml'24n$`ZMotEXFD>
950,UOZ4iMsdsf(C|YZ:{{J}d0weogMjscri
951,"PL'Eyf0:@g,_zj&R0xRn0t&xCj2\v(b<"
952,VGn61.V>m}npf4A-uR'7Kv>P{vwqY~K!
953,e+]h3;!f|o\{$-~MbRT.duEYa0iJarXy
954,W<~ba}(2}vg1?OW[|Lv<^jp'DL'wh#@<
955,"P9J3_hyTBcS']@5UU9'2V#kDwAoG!_,?"
956,"7V&>)h7c%9f./nC2-YghJ/,_ANs1qyRu"
957,"*djNNb3g2Q%1u=7h_OLM{8ejA4z'ar%,"
958,"5|i>I-!t69ke{$X*7fblj._jY_@J""C1W"
959,"S(wNdcPQey-`f\h.zogA5-@n9'Q(S@)"""
960,"rO&*R%7vMKL,'qGhFz={1iW}b<)PwWsv"
961,"$y_@&v5B(+cym4{C~""]|En<m!dl-*]Ke"
962,u2IA4<.V`3qKk(GH9Q\#Ho`|Ze*%b||y
963,V;FUibH:grb|y_K}m4`/#`5M@NGD;RvQ
964,"V7-f|?VVC3M5(,fiMf~SzA}m8=RM\.$b"
965,"1vup1u%;2XSK>""mF5sE-lU&/wbZYhrtI"
966,2^6Mz~cxv4=pX{YB4@Jbt'Zqp'@W[L]r
967,yW])~`3vjS9ecoq37}Owi;|+pv9rgMWG
968,"'f=8ai3w^mTKpR,px>FrSuAmSY8qU5aF"
969,"Ih<%LY,JJKCI}qE#d\4ytN^Hck(1:`S1"
970,scaLiiDkQRLgi9jiACJ'D9g`%D]TQ*o)
971,"\}^mZys11NvsuGPWp""~|IB@Wi.,~$v}_"
972,WI'/c}R:c+t;~a'J\2skjHh+uR$q^nmf
973,$auO|y\0_L2#S3nuC\'eo+_3~bn!G=eu
974,"7Ti,i?}9+UY5jf$/oJ""NU=U!qm9#Psj"""
975,"B,^f~.\nSg""L{G6MFoOYrH'8pe:8#s#L"
976,"gfdX""_7M%ghD=/%(I2_@O,eV:!v!<c@h"
977,nFUTtZOE'A0eGP%r9&}W>!a$*KJAS0eu
978,38~I5$Dk[w/K%>tH-N@1y`b<@6g|$#$v
979,tI5{4W6bv_l?|N5X]&e-;/^//zGy5kU}
980,+qU@Z\mXtb0jAA$ykptR%C]6u7O$*|kq
981,!caP[R@q5pJlR6s.Jki9d4@/L1!gXUaR
982,"%r!d,ccdU8C;RUrO.E56<T?J2#Z]1]#a"
983,"G#~QiXu8?,\U0,-p!\YF|w3wp_/p^a~B"
984,"@>8O=~""!e$oKuBmGU6#JK`]j4""*l1),s"
985,"Cv&hwq@*K1Y4z_$,tDMmZ.-x]XtdZ`@1"
986,S}YcKwA_6r7Rw7rs~?#1eg;mCQ~k]2i:
987,"i/\*qe;t$Eu""HCftZz!O6?rLTH(i++^_"
988,")GI15I,C3CQGE\i.%<:*JbRdeT8b$e[K"
989,[FCKAFl8Q0jWZ`)]wJS~x(4BeMJ\G1Ms
990,"#MkfEPKd(NDI,A>Cci^SMk|[2noFxghi"
991,]9dh_kx~hUW+Z;AORUmy71$E$L^|M[kG
992,"Fw""q'BcK,V>M{i|td2;uf~?P,!+.5;\0"
993,"_-gK>:xZhH\a.|T2cf/{r>>NAlCA""$lE"
994,8m'uAp94+mg\x|d.UnI(_[29'/O<sQ2k
995,/zOxvJ^Mm^K9}QgfC?Xrmp/0mo-`SQ*}
996,g*p[9C5TDC6!^nS)qVC\6z~xy+jj=Xku
997,"\61zG-d'|d9u]_S95H,JZ&l1ilAv=SrJ"
998,?hp<*C!lXLR[6hEmvbkrtO\EqNaWb3lW
999,P5nIn~6Os{43!]6>2C6d1C9=aUdmKQPY
